Unnamed: 0,Unnamed: 0.1,Unnamed: 1,YSO,Nepochs,Teff,log(g) (cm/s2),veil,SB2,p,p_error,paper,q,q_err,Max (Jy/bm),x,x_err,y,y_err,Flux (Jy),Flux_err,Disk Mass (Mjup),Disk Mass err,J,J_err,H,H_err,K,K_err,W1,W1_err,W2,W2_err,W3,W3_err,W4,W4_err,[3.6],e[3.6],[4.5],e[4.5],[5.8],e[5.8],[8.0],e[8.0],[24],e[24],alpha,YSO.1,HCO+,Cloud contamination?
52,52.0,05 34 13.47 -04 23 53.9,3.0,1.0,3500.0,4.35,0.599,1.0,4.265,0.037,F17,1.0,-10.0,,0.0,0.0,0.0,0.0,0.00064,0.000128,0.24,-10.0,,,,,,,12.096,0.024,11.952,0.022,,,,,,,,,,,,,,,,,,
66,66.0,05 34 21.59 -05 10 13.95,0.0,4.0,5490.0,,0.119,1.0,1.315,0.042,K16,1.0,-10.0,,0.0,0.0,0.0,0.0,0.00074,0.000148,2.891,-10.0,12.974,0.019,12.15,0.029,11.858,0.021,11.624,0.047,11.638,0.071,,,4.978,0.107,,,,,,,,,,,,,,
95,94.0,05 35 04.76 -05 17 42.1,2.0,1.0,4390.0,4.45,0.441,1.0,0.409,0.359,K16,1.0,-10.0,0.00143,-0.0165,0.024,-0.148,0.018,0.001413,7e-05,,,11.525,0.021,10.099,0.03,9.339,0.019,8.177,0.025,7.699,0.025,,,,,8.24,0.01,7.83,0.01,7.52,0.01,7.09,0.05,,,-1.53,D,,
126,120.0,05 35 33.85 -05 48 21.1,,,4500.0,,,,1.272,0.125,K16,1.0,-10.0,,0.0,0.0,0.0,0.0,0.000635,0.000127,2.65,-10.0,14.304,0.027,13.319,0.037,12.898,0.028,12.802,0.038,12.909,0.063,,,,,,,,,,,,,,,,,,
